"party_names","party_avgs"
"LPC",41.5684268107026
"CPC",37.6571687376151
"NDP",9.61352482629286
"GPC",2.84952883561636
"BQ",6.42553040692765
