"party_names","party_avgs"
"LPC",41.5903049258641
"CPC",37.6858515803998
"NDP",9.63232048468532
"GPC",2.63215147953209
"BQ",6.49891492875732
