"party_names","party_avgs"
"LPC",41.5316398867454
"CPC",37.7840703603235
"NDP",9.40704066544393
"GPC",2.62653698560666
"BQ",6.54909985951564
