"party_names","party_avgs"
"LPC",42.0660994148548
"CPC",37.5268707684888
"NDP",9.28672493175346
"GPC",2.83242389265194
"BQ",6.29890197994663
