"party_names","party_avgs"
"LPC",41.9587611991667
"CPC",37.2812232868114
"NDP",9.63271765700285
"GPC",2.85475272683168
"BQ",6.30488749253773
