"party_names","party_avgs"
"LPC",41.6964113444321
"CPC",37.5328627188997
"NDP",9.48911052211818
"GPC",2.66872163382088
"BQ",6.45256490993613
