"party_names","party_avgs"
"LPC",42.1050655595369
"CPC",37.4633379575717
"NDP",9.3376790835442
"GPC",2.80327961091492
"BQ",6.27923541742349
