"party_names","party_avgs"
"LPC",42.1596446524908
"CPC",37.3913339825812
"NDP",9.379613886486
"GPC",2.77471016682866
"BQ",6.26001229129431
