"party_names","party_avgs"
"LPC",41.5652678297618
"CPC",37.759434585927
"NDP",9.41402710491442
"GPC",2.64229246029199
"BQ",6.53201653394355
