"party_names","party_avgs"
"LPC",41.9874291658802
"CPC",37.2706320054707
"NDP",9.6226701885904
"GPC",2.84456690122967
"BQ",6.29817466029579
