"party_names","party_avgs"
"LPC",41.5105258451737
"CPC",37.797865631892
"NDP",9.40397825251932
"GPC",2.61601191561761
"BQ",6.55953386912251
