"party_names","party_avgs"
"LPC",41.4077855874218
"CPC",37.7240847121959
"NDP",9.67165086347192
"GPC",2.87151687977936
"BQ",6.4660324415571
