"party_names","party_avgs"
"LPC",41.6872188259084
"CPC",37.5367471896126
"NDP",9.48799316316136
"GPC",2.66415192247445
"BQ",6.45686710702808
