"party_names","party_avgs"
"LPC",42.0364068688985
"CPC",37.1606724582842
"NDP",9.98653102574771
"GPC",2.69766569296297
"BQ",6.09369481061689
