"party_names","party_avgs"
"LPC",41.4844692543364
"CPC",37.8129412351369
"NDP",9.40193520414708
"GPC",2.6026899362997
"BQ",6.57190125315224
