"party_names","party_avgs"
"LPC",42.2065350681352
"CPC",37.3369831757661
"NDP",9.40267300254792
"GPC",2.75609451596424
"BQ",6.24697749927572
