"party_names","party_avgs"
"LPC",41.4699793053137
"CPC",37.7008855414333
"NDP",9.64686030867793
"GPC",2.8633411504286
"BQ",6.45038398979116
