"party_names","party_avgs"
"LPC",42.1917382744817
"CPC",37.3535963424388
"NDP",9.39631558591567
"GPC",2.76152219336781
"BQ",6.25085549682709
