"party_names","party_avgs"
"LPC",41.5922242672765
"CPC",37.686893713873
"NDP",9.63752109583963
"GPC",2.60933676768466
"BQ",6.51298378069396
