"party_names","party_avgs"
"LPC",41.654913234966
"CPC",37.8056175612134
"NDP",9.31782981381292
"GPC",2.66814809815648
"BQ",6.5289062439507
