"party_names","party_avgs"
"LPC",42.1240612866992
"CPC",37.4368008917752
"NDP",9.35483628225846
"GPC",2.79221743056643
"BQ",6.27183657581122
