"party_names","party_avgs"
"LPC",41.3322426371078
"CPC",37.747260487403
"NDP",9.70599913289409
"GPC",2.88080662101241
"BQ",6.48491915774309
