"party_names","party_avgs"
"LPC",42.2205598013006
"CPC",37.3216239263613
"NDP",9.40804453586757
"GPC",2.75128017230047
"BQ",6.24346332185253
