"party_names","party_avgs"
"LPC",42.1761215279146
"CPC",37.3716411198525
"NDP",9.38873498242824
"GPC",2.76767854592425
"BQ",6.25516913064773
