"party_names","party_avgs"
"LPC",42.0855507433471
"CPC",37.4931117702995
"NDP",9.3156960479881
"GPC",2.81645951443732
"BQ",6.28806941300424
