"party_names","party_avgs"
"LPC",41.5495578844562
"CPC",37.7713155298718
"NDP",9.41049353943401
"GPC",2.63512298131159
"BQ",6.54004085045566
