"party_names","party_avgs"
"LPC",41.5227234691405
"CPC",37.6784750317148
"NDP",9.62814884882531
"GPC",2.85606327015032
"BQ",6.43707294332298
