"party_names","party_avgs"
"LPC",42.1422857411498
"CPC",37.4129421993315
"NDP",9.36851802656673
"GPC",2.78280654231203
"BQ",6.26551056966268
